toxin,k,egger_z,egger_p
DA,44,0.06068488260674772,0.9516101714223035
STX,22,-1.6883542344033373,0.09134325009857464
